island_code,atoll,island_name
LD0002,Noonu,Maavelavaru
LD0003,Gaafu Dhaalu,Keraminthaa
LD0004,Alifu Alifu,Maalhos
LD0005,Thaa, 
LD0006,Gaafu Dhaalu,Dhigelaabadhuvaa
LD0007,Kaafu,Thulusdhoo Irumathee Huraagan'du
LD0008,Faafu,Feeali
LD0009,Alifu Dhaalu,Omadhoo
LD0010,Gaafu Dhaalu,Farehulhehdhoo
LD0012,Dhaalu,Vommuli
LD0013,Faafu,Adhangau
LD0014,Haa Alifu,Kudafinolhu
LD0015,Lhaviyani,Lhohi
LD0016,Shaviyani,Maaun'goodhoo
LD0017,Haa Dhaalu,Veligan'du
LD0018,Raa,Kurehdhoo
LD0019,Dhaalu,Vaanee
LD0020,Lhaviyani,Naifaru
LD0021,Alifu Dhaalu,Ariyadhoo
LD0022,Baa,Kanufushi
LD0023,Gaafu Dhaalu,Hulhuvaarulaa
LD0024,Gaafu Alifu,Maamutaa
LD0025,Raa,Kudalhosgiri
LD0026,Kaafu,Boduban'dos
LD0027,Alifu Alifu,Kan'dholhudhoo
LD0028,Gaafu Alifu,Keredhdhoo
LD0029,Thaa,Lhavaddoo
LD0030,Faafu, 
LD0031,Laamu,Kalhaidhoo
LD0032,Gaafu Dhaalu,Gahevelegalaa
LD0033,Meemu,Gongalihuraa
LD0034,Thaa,Kalhufahalafushi
LD0035,Seenu,Vilin'gili
LD0036,Kaafu,Helen'geli
LD0038,Gaafu Dhaalu,Bolimathaidhua
LD0039,Gaafu Dhaalu,Hakandoo
LD0040,Thaa,Hikan'dhilhohi
LD0041,Thaa,Kafidhoo
LD0042,Gaafu Dhaalu,Dhekaamba
LD0043,Raa,Filaidhoo
LD0044,Baa,Fulhadhoo
LD0045,Meemu,Gasveli
LD0046,Lhaviyani,Felivaru
LD0047,Haa Dhaalu,Innafushi
LD0048,Haa Dhaalu,Kulhudhuffushi
LD0049,Shaviyani,Firun'baidhoo
LD0051,Vaavu,Aarah
LD0052,Laamu,Dhekunuvinagan'du
LD0053,Laamu,Kudamaabulhali
LD0054,Gaafu Alifu,Maafehelaa
LD0055,Baa,Bathalaa
LD0056,Gaafu Alifu,Fulan'gi
LD0057,Seenu,Bedhey Aurah
LD0058,Raa,Furaveri
LD0059,Baa,Kudarikilu
LD0060,Laamu,Burrahaa
LD0061,Meemu,Kolhufushi
LD0062,Kaafu, 
LD0063,Gaafu Dhaalu, 
LD0064,Meemu,Kakaahuraa
LD0065,Laamu,Bodufenrahaa
LD0066,Dhaalu,Ban'didhoo
LD0067,Laamu,Aarahaa
LD0068,Dhaalu, 
LD0069,Kaafu,Maafushi
LD0070,Raa,Un'gulu
LD0071,Gaafu Alifu,Beyrumauddoo
LD0073,Kaafu,Maniyafushi
LD0074,Shaviyani,Medhukun'burudhoo
LD0075,Vaavu,Felidhoo
LD0076,Baa,Dhigudhefaru
LD0078,Kaafu,Vabboahuraa
LD0079,Vaavu,Thun'duhuraa
LD0080,Alifu Dhaalu,Dhiffushi
LD0081,Seenu,Maradhoofeydhoo
LD0082,Thaa,Thimarafushi
LD0083,Gaafu Alifu,Kodeyvilin'gili
LD0084,Dhaalu,Fenfushi
LD0085,Faafu,Magoodhoo
LD0086,Raa,Boduhaiykodi
LD0088,Noonu,Medhufaru
LD0089,Alifu Dhaalu,Innafushi
LD0090,Shaviyani,Narurin'budhoo
LD0091,Noonu,Goan'bilivaadhoo
LD0092,Noonu,Orivarukudarah
LD0093,Gaafu Alifu,Innarehaa
LD0094,Laamu,Olhutholhu
LD0095,Raa,Meedhupparu
LD0096,Lhaviyani,Fainuaadhanuhuraa
LD0097,Raa,Bodufushi
LD0098,Kaafu,Vaagali
LD0099,Alifu Alifu,Vihamaafaru
LD0100,Gaafu Dhaalu,Beeraahuttaa
LD0101,Gaafu Alifu,Kodahuttaa
LD0102,Laamu,Mundoo
LD0103,Haa Alifu,Matheerah
LD0104,Dhaalu,Kedhigan'du
LD0105,Raa,Gaaun'doodhoo
LD0106,Raa,Hiboodhoo
LD0107,Dhaalu,Ayyakaloahuraa
LD0108,Thaa,Fenfushi
LD0109,Alifu Alifu,Maagau
LD0110,Raa,Kudakurathu
LD0111,Gaafu Dhaalu,Raabodaafeheerataa
LD0112,Gaafu Dhaalu,Gan
LD0113,Raa,Vaffushihuraa
LD0115,Gaafu Dhaalu,Kafena
LD0116,Lhaviyani,Kalhumanjehuraa
LD0117,Vaavu,Hulhidhoo
LD0118,Thaa,Kan'dufushi
LD0119,Lhaviyani,Fehigili
LD0120,Alifu Dhaalu,Dhiggiri
LD0121,Noonu,Kafakomandoo
LD0122,Raa,Giraavaru
LD0123,Noonu,Fohdhipparu
LD0124,Lhaviyani,Vavvaru
LD0125,Raa,Faarufushi
LD0126,Alifu Dhaalu,Bodukaashihuraa
LD0127,Kaafu, 
LD0128,Kaafu,Maadhoo
LD0129,Haa Alifu,Dhonakulhi
LD0130,Haa Dhaalu,Ruffushi
LD0131,Shaviyani,Naalaahuraa
LD0132,Alifu Alifu,Mathiveri
LD0133,Noonu,Karinma
LD0134,Raa,Boduhuraa
LD0135,Baa,Medhufinolhugaathufinolhu
LD0136,Gaafu Alifu,Minimessaa
LD0137,Kaafu,Boduhuraa
LD0138,Thaa,Kuredhifushi
LD0140,Noonu,Kunnamalei
LD0141,Shaviyani,Maakan'doodhoo
LD0142,Kaafu,Baros
LD0143,Thaa,Fondhoo
LD0144,Raa,Goyyafaru
LD0145,Laamu,Dhonberahaa
LD0146,Gaafu Dhaalu,Veraaviligillaa
LD0147,Baa,Miriandhoo
LD0148,Vaavu,Alimathaa
LD0149,Kaafu,Vammaafushi
LD0150,Kaafu,Feydhoofinolhu
LD0151,Gaafu Alifu,Hirihuttaa
LD0152,Laamu,Gan
LD0153,Gaafu Alifu,Mahahdhoo
LD0154,Kaafu,Ihuru
LD0155,Shaviyani,Ekasdhoo
LD0156,Gaafu Alifu,Maarandhoo
LD0157,Kaafu,Kanuoiyhuraa
LD0158,Alifu Dhaalu,Maamin'gili
LD0159,Kaafu,Than'burudhoo
LD0160,Kaafu,Biyaadhoo
LD0161,Thaa,Dhururehaa
LD0162,Baa,Velavaru
LD0163,Raa,Ufulandhoo
LD0164,Baa,Aidhoo
LD0165,Alifu Dhaalu,Hurasdhoo
LD0166,Kaafu,Thilafushi
LD0167,Laamu,Athahendhu
LD0168,Alifu Dhaalu,Mandhoo
LD0169,Noonu,Fushivelavaru
LD0170,Alifu Dhaalu,Rangaleefinolhu
LD0171,Dhaalu,Issari
LD0172,Gaafu Dhaalu,Dhinmanaa
LD0173,Gaafu Dhaalu,Kalhehigillaa
LD0174,Gaafu Alifu,Dhigudhoo
LD0175,Alifu Dhaalu,Theluveligaa
LD0176,Meemu, 
LD0177,Noonu,Farumuli
LD0178,Raa,Rasgetheemu
LD0179,Meemu,Dhiggaru
LD0180,Raa,Maakurathu
LD0181,Gaafu Dhaalu,Nadellaa
LD0182,Vaavu,Fulidhoo
LD0183,Lhaviyani,Maakoa
LD0184,Thaa,Maagulhi
LD0185,Baa,Horubadhoo
LD0186,Meemu,Maalhaveli
LD0187,Lhaviyani,Maabinhuraa
LD0188,Gaafu Alifu,Medhuburiyaa
LD0189,Dhaalu, 
LD0190,Thaa,Hathifushi
LD0191,Noonu,Landhoo
LD0192,Laamu,Gasgan'dufinolhu
LD0193,Shaviyani,Bolissafaru
LD0194,Raa,Kinolhas
LD0195,Gaafu Dhaalu,Vaadhoo
LD0196,Kaafu,Rannaalhi
LD0197,Baa,Kanufusheegaathufinolhu
LD0198,Gaafu Dhaalu,Kan'dahalagalaa
LD0199,Haa Dhaalu,Hirimaradhoo
LD0200,Thaa,Dhiyamigili
LD0201,Alifu Alifu,Ellaidhoo
LD0202,Kaafu,Makunufushi
LD0203,Noonu,Maalhendhoo
LD0204,Baa,Eydhafushi
LD0205,Thaa,Vilufushi
LD0206,Meemu,Medhufushi
LD0207,Gaafu Dhaalu,Filaarataa
LD0209,Dhaalu,Maaen'boodhoo
LD0210,Shaviyani,Madikuredhdhoo
LD0211,Lhaviyani,Maduvvari
LD0212,Gaafu Alifu,Vodamulaa
LD0213,Noonu,Dheefuram
LD0214,Alifu Dhaalu,Rangali
LD0215,Kaafu,Vilin'gilimathidhahuraa
LD0216,Gaafu Dhaalu,Kadelerataa
LD0217,Baa,Kunfunadhoo
LD0218,Raa,Dhoragali
LD0219,Seenu,Hankede
LD0220,Alifu Dhaalu,Bodufinolhu
LD0221,Gaafu Dhaalu,Faahuttaa
LD0222,Gaafu Alifu,Araigahthaa
LD0223,Laamu,Bodumungnafushi
LD0225,Alifu Alifu,Alikoirah
LD0226,Baa,Hulhudhoo
LD0227,Haa Alifu,Mulidhoo
LD0228,Gaafu Alifu,Kan'duvilin'gili
LD0229,Gaafu Alifu,Medharehaa
LD0230,Kaafu,Kudaban'dos
LD0231,Raa,Vaffushi
LD0232,Haa Alifu,Vashafaru
LD0233,Faafu,Dhiguvarufinolhu
LD0234,Lhaviyani,Dheruffinolhu
LD0235,Haa Dhaalu,Hanimaadhoo
LD0236,Raa,Fuggiri
LD0237,Gaafu Alifu,Maagihuttaa
LD0238,Noonu, 
LD0239,Laamu,Boduhuraa
LD0240,Thaa,Olhugiri
LD0241,Raa,Lun'dhufushi
LD0242,Gaafu Alifu,Mahthurehaa
LD0243,Gaafu Dhaalu,Hiyanigilihuttaa
LD0244,Laamu,Holhurahaa
LD0245,Gaafu Dhaalu,Boderehaa
LD0246,Haa Alifu,Huvarafushi
LD0247,Gaafu Alifu,Vilin'gili
LD0248,Shaviyani,Madidhoo
LD0249,Noonu,Orivaru
LD0251,Gaafu Dhaalu,Meehinethiyenehuttaa
LD0252,Baa,Fares
LD0254,Thaa,Burunee
LD0255,Gaafu Dhaalu,Havoddaa
LD0256,Baa,Lan'daagiraavaru
LD0257,Alifu Alifu,Rasdhoo
LD0258,Noonu,Burehifasdhoo
LD0259,Kaafu,Thun'bafushi
LD0260,Vaavu,Keyodhoo
LD0261,Laamu,Gaadhoo
LD0262,Lhaviyani,Meedhaahuraa
LD0263,Alifu Dhaalu,Vilamendhoo
LD0264,Baa,Un'doodhoo
LD0265,Laamu,Hithadhoo
LD0266,Shaviyani,Kakaaeriyadhoo
LD0267,Vaavu,Dhiggiri
LD0268,MLE,Vilin'gili
LD0269,Raa,Mahidhoo
LD0270,Gaafu Alifu,Hithaadhoogalaa
LD0271,Noonu,Vavathi
LD0272,Seenu,Meedhoo
LD0273,Alifu Dhaalu,Dhan'gethi
LD0274,Meemu,Gaakurali
LD0276,Laamu,Uthuruvinagan'du
LD0277,Gaafu Dhaalu,Neimaahutta
LD0278,Gaafu Dhaalu,Meyragillaa
LD0279,Shaviyani,Dhonvelihuraa
LD0280,Dhaalu, 
LD0281,Raa,An'golhitheemu
LD0282,Lhaviyani,Aligau
LD0283,Kaafu,Kohdhipparu
LD0284,Noonu,Kudafushi
LD0285,Shaviyani,Bis Alhaahuraa
LD0286,Gaafu Dhaalu,Haveyyerataa
LD0287,Alifu Alifu,Feridhoo
LD0288,Seenu,Maradhoo
LD0289,Meemu,Maahuraa
LD0290,Gaafu Dhaalu,Kaalhehuttaa
LD0291,Gaafu Dhaalu,Kudhehulhehdhoo
LD0292,Gaafu Dhaalu,Han'dhebalanerehaa
LD0293,Thaa,Funaddu
LD0294,Meemu, 
LD0295,Raa,Kuroshigiri
LD0296,Gaafu Dhaalu,Laihaa
LD0297,Raa,Orimasfushi
LD0298,Raa,Ifuru
LD0299,Seenu,Hulhudhoo
LD0300,Alifu Alifu,Maayafushi
LD0301,Gaafu Alifu,Maakanaarataa
LD0302,Gaafu Dhaalu,Bodehuttaa
LD0303,Haa Dhaalu,Theefaridhoo
LD0304,Shaviyani,Kudalhaimendhoo
LD0305,Kaafu,Boduhithi
LD0306,Shaviyani,Keekimini
LD0307,Lhaviyani,Hudhufushi
LD0308,Laamu,Thun'buri
LD0309,Laamu,Kadhdhoo
LD0310,Lhaviyani,Kurehdhoo
LD0311,Kaafu,Vabbinfaru
LD0312,Dhaalu,Kiraidhoo
LD0313,Gaafu Dhaalu,Hoothodeyaa
LD0314,Gaafu Alifu,Mahthidhoo
LD0315,Raa,Dhekunumaafarufinolhu
LD0316,Alifu Dhaalu,Angaagau
LD0317,Shaviyani,Dhigurah
LD0319,Raa,Madivaafaru
LD0320,Raa,Ban'daveri
LD0321,Kaafu,Dhigufinolhu
LD0322,Meemu,Hakuraahuraa
LD0323,Laamu,Kunahandhoo
LD0324,Kaafu,Kudafinolhu
LD0325,Gaafu Dhaalu,Kandahdhoo
LD0326,Haa Alifu,Innafinolhu
LD0327,Noonu,Karinmavattaru
LD0328,Haa Alifu,Gallandhoo
LD0329,Gaafu Dhaalu,Athihuttaa
LD0330,Lhaviyani,Medhafushi
LD0331,Kaafu,Hen'badhoo
LD0332,Noonu,Fohdhoo
LD0333,Lhaviyani,Kanuhuraa
LD0334,Dhaalu,Rin'budhoo
LD0335,Noonu,Ekulhivaru
LD0336,Gaafu Dhaalu,Maanaidhoo
LD0337,Dhaalu,Meedhuffushi
LD0338,Dhaalu,Maafushi
LD0339,Gaafu Dhaalu,Badefodiyaa
LD0340,Lhaviyani,Hinnavaru
LD0341,Laamu,Veligan'dufinolhu
LD0342,Gaafu Dhaalu,Faredhoo
LD0343,Alifu Alifu,Gangehi
LD0346,Haa Dhaalu,Kudamuraidhoo
LD0347,Gaafu Alifu, 
LD0348,Baa,Dhonfanu
LD0349,Faafu,Magoodhoobodufinolhu
LD0350,Thaa,Hirilandhoo
LD0351,Thaa,Fenmeerufushi
LD0352,Dhaalu,Hulhuvahi
LD0354,Lhaviyani,Madivaru
LD0355,Raa,Goboshi
LD0356,Alifu Alifu,Mathivereefinolhu
LD0357,Gaafu Dhaalu,Maavaaruloo
LD0359,Kaafu,Girifushi
LD0360,Gaafu Dhaalu,Mudhimaahutta
LD0361,Lhaviyani,Veyvah
LD0362,Kaafu, 
LD0363,Baa,Kihaadhoo
LD0364,Alifu Dhaalu, 
LD0365,Gaafu Dhaalu,Haveyyerataa
LD0366,Laamu,Fenboarahaa
LD0367,Gaafu Dhaalu,Maagoderehaa
LD0368,Laamu, 
LD0369,Haa Dhaalu,Naagoashi
LD0370,Haa Dhaalu,Kattalafushi
LD0371,Laamu,Kashidhoo
LD0373,Gaafu Alifu,Funadhooviligillaa
LD0374,Shaviyani,Farukolhu
LD0375,Alifu Alifu,Halaveli
LD0376,Gaafu Alifu,Medhehuttaa
LD0377,Kaafu,Kan'doomaafushi
LD0378,Seenu,Dheeron'di
LD0380,Gaafu Alifu,Dhevvalaabadhoo
LD0381,Gaafu Dhaalu,Lonudhoo
LD0382,Gaafu Dhaalu,Uhehootirataa
LD0383,Gaafu Alifu,Raaverrehaa
LD0384,Seenu,Mulikede
LD0385,Raa,Hiraveri
LD0386,Thaa,Hon'delifushi
LD0387,Noonu,Kedhivaru
LD0388,Alifu Dhaalu,Huruelhi
LD0389,Kaafu,Dhoonidhoo
LD0390,Kaafu,Farukolhufushi
LD0391,Noonu,Kudafari
LD0392,Noonu,Manadhoo
LD0393,Gaafu Dhaalu,Dherukerehaa
LD0394,Lhaviyani,Bodufinolhu
LD0395,Gaafu Dhaalu,Farukolhuhuttaa
LD0396,Gaafu Alifu,Viligalaa
LD0397,Gaafu Dhaalu,Maarehaa
LD0399,Kaafu,Ziyaaraiyfushi
LD0400,Dhaalu,Kan'dinmaa
LD0401,Raa,Muravandhoo
LD0402,Shaviyani,Mathikomandoo
LD0404,Raa,Dhikkurehdhoo
LD0405,Alifu Alifu,Etheremadivaru
LD0406,Haa Dhaalu,Vaikaradhoo
LD0407,Gaafu Dhaalu,Kurehdhoo
LD0408,Haa Alifu,Beenaafushi
LD0409,Noonu,Ehdhuffarumairah
LD0410,Baa,Gaavilin'gili
LD0411,Alifu Alifu,Velidhoo
LD0412,Gaafu Alifu,Dhevvadhoo
LD0414,Laamu,Kudarah
LD0415,Kaafu,Olhigan'dufinolhu
LD0416,Haa Dhaalu,Nolhivaranfaru
LD0417,Faafu,Minimasgali
LD0418,Baa,Bodufinolhu
LD0419,Alifu Dhaalu,Huvahendhoo
LD0420,Vaavu,Rakeedhoo
LD0421,Noonu,Kuramaadhoo
LD0422,Thaa,Kin'bidhoo
LD0423,Raa,Rasmaadhoo
LD0424,Shaviyani,Kan'baalifaru
LD0425,Gaafu Dhaalu,Havodigalaa
LD0427,Thaa,Gaadhiffushi
LD0428,Raa,Uthurumaafaru
LD0430,Gaafu Dhaalu,Gazeeraa
LD0431,Gaafu Dhaalu,Baulhegalla
LD0432,Laamu,Kalhurahaa
LD0433,Haa Alifu,Gaamathikulhudhoo
LD0434,Raa,Thaavathaa
LD0435,Gaafu Alifu,Kon'dey
LD0436,Kaafu,Madivaru
LD0437,Meemu,Seedheehuraaveligan'du
LD0438,Baa,Hibalhidhoo
LD0439,Gaafu Dhaalu,Faathiyehuttaa
LD0440,Baa,Dhigufaruvinagan'du
LD0441,Haa Dhaalu,Finey
LD0442,MLE,Maale
LD0443,Gaafu Alifu,Kooddoo
LD0444,Raa,Aarah
LD0445,Meemu,Erruhhuraa
LD0446,Meemu,Muli
LD0447,Gaafu Dhaalu,Dhoonirehaa
LD0448,Dhaalu,Dhoores
LD0449,Thaa,Kudakin'bidhoo
LD0450,Gaafu Dhaalu,Isdhuhuttaa
LD0451,Baa,Fonimagoodhoo
LD0452,Alifu Dhaalu,Heenfaru
LD0453,Noonu,Maafunafaru
LD0454,Baa,Anhenunfushi
LD0455,Noonu,Holhudhoo
LD0456,Gaafu Alifu,Kisserahaa
LD0457,Gaafu Alifu,Bakehthaa
LD0458,Haa Alifu,Alidhuffarufinolhu
LD0459,Alifu Dhaalu,Dhihdhoo
LD0460,Thaa,Vanbadhi
LD0461,Alifu Dhaalu,Mirihi
LD0462,Gaafu Alifu,Meradhoo
LD0463,Shaviyani,Raggan'duhuraa
LD0464,Lhaviyani,Vihafarufinolhu
LD0465,Shaviyani,Migoodhoo
LD0466,Baa,Nelivarufinolhu
LD0467,Gaafu Alifu,Kaludirehaa
LD0468,Kaafu, 
LD0469,Lhaviyani,Meyyafushi
LD0470,Gaafu Dhaalu,Fiyoari
LD0471,Thaa,Fushi
LD0472,Laamu,Bokaiyfushi
LD0473,Kaafu,Lhohifushi
LD0474,Alifu Alifu,Bodufolhudhoo
LD0475,Gaafu Alifu, 
LD0477,Raa,Fasmendhoo
LD0478,Raa,Kudafenmaaen'boodhoo
LD0479,Gaafu Dhaalu,Maadhoo
LD0480,Shaviyani,Hirubadhoo
LD0481,Gaafu Dhaalu,Dhigurehaa
LD0482,Kaafu,Olhuhali
LD0483,Kaafu,Funadhoo
LD0484,Laamu,Maamendhoo
LD0485,Shaviyani,Dhiguvelidhoomairah
LD0486,Gaafu Dhaalu, 
LD0487,Haa Dhaalu,Kuredhigan'du
LD0488,Haa Alifu,Uligamu
LD0489,Haa Dhaalu,Kudafarufasgandu
LD0490,Lhaviyani,Maafilaafushi
LD0491,Shaviyani,Eriadhoo
LD0492,Kaafu,Kudahithi
LD0493,Raa,Dheburidheythereyvaadhoo
LD0494,Haa Alifu,Un'gulifinolhu
LD0495,Kaafu,Gaagan'du
LD0496,Raa,Kudathulhaadhoo
LD0497,Noonu,Velidhoo
LD0498,Meemu, 
LD0499,Dhaalu,Kudahuvadhoo
LD0500,Noonu,Lhohi
LD0501,Alifu Alifu,Thoddoo
LD0502,Baa,Gemendhoo
LD0503,Dhaalu,Thilabolhufushi
LD0504,Thaa,Kan'doodhoo
LD0505,Gaafu Dhaalu,Uherehaa
LD0506,Seenu,Kan'diheragan'du
LD0507,Haa Alifu,Utheemu
LD0508,Haa Alifu,Kan'daalifinolhu
LD0509,Raa,Kandhoomeehunge Lhaan'bugali
LD0510,Lhaviyani,Kurendhoo
LD0511,Gaafu Dhaalu,Vaareyadhuvaa
LD0512,Noonu,Raalhulaakolhu
LD0513,Alifu Dhaalu,Fenfushi
LD0514,Gaafu Alifu,Dhiyadhoo
LD0515,Seenu,Kudamaahera
LD0516,Kaafu,Fihaalhohi
LD0517,Lhaviyani,Olhuvelifushi
LD0518,Baa,Kamadhoo
LD0519,Gaafu Dhaalu,Kureikeymaahuttaa
LD0520,Baa,Fehendhoo
LD0521,Dhaalu,Gemendhoo
LD0522,Gaafu Dhaalu,Femunaidhoo
LD0523,Meemu,Seedheehuraa
LD0524,Kaafu,En'boodhoofinolhu
LD0525,Shaviyani,Milandhoo
LD0526,Seenu, 
LD0527,Kaafu,Medhufinolhu
LD0528,Haa Alifu,Berinmadhoo
LD0529,Alifu Dhaalu,Tholhifushi
LD0530,Dhaalu,Uhdhoo
LD0531,Meemu,Mulah
LD0532,Gaafu Dhaalu,Dhiyanigillaa
LD0533,Thaa,Kaaddoo
LD0535,Baa,Maaddoo
LD0536,Kaafu,Asdhoo
LD0537,Gaafu Dhaalu,Kodurataa
LD0538,Laamu,Hulhimendhoo
LD0539,Thaa,Dhonanfushi
LD0540,Gaafu Alifu,Hinaamaagalaa
LD0541,Haa Dhaalu,Kumundhoo
LD0542,Gaafu Alifu,Galamedhuvaa
LD0543,Gaafu Alifu,Boduhuttaa
LD0544,Baa,Kudadhoo
LD0545,Alifu Dhaalu,Mahibadhoo
LD0547,Lhaviyani,Dhiffushi
LD0548,Haa Alifu,Manafaru
LD0549,Kaafu, 
LD0550,Dhaalu, 
LD0551,Shaviyani,Narudhoo
LD0552,Gaafu Dhaalu,Farehalehuttaa
LD0554,Meemu,Boahuraa
LD0555,Laamu,Hendha
LD0556,Thaa,Maalefushi
LD0557,Gaafu Dhaalu,Madaveli
LD0558,Kaafu,Gulhigaathuhuraa
LD0559,Noonu,Maavahdhoo
LD0560,Noonu,Maafaru
LD0561,Gaafu Dhaalu,Bodeinsa
LD0562,Shaviyani,Dholhiyadhoo
LD0563,Haa Alifu,Kelaa
LD0564,Raa,Innamaadhoo
LD0565,Meemu,Uthurugaseveli
LD0566,Laamu,Uvadhevifushi
LD0567,Noonu,In'guraidhoo
LD0568,Haa Alifu,Dhihdhoo
LD0569,Seenu,Boduhajaraa
LD0570,Gaafu Dhaalu,Kalhehamalaa
LD0571,Dhaalu,Hinaidhoo
LD0572,Gaafu Dhaalu,Faresmaathodaa
LD0573,Raa,Maduvvari
LD0574,Alifu Alifu,Madivaru
LD0575,Gaafu Dhaalu,Kadevaarehaa
LD0576,Lhaviyani,Govvaafushi
LD0577,Kaafu,Gulhi
LD0578,Gaafu Dhaalu,Maallaarehaa
LD0579,Alifu Dhaalu, 
LD0580,Raa,Lin'boakandhoo
LD0581,Alifu Dhaalu,Kudarah
LD0583,Alifu Dhaalu,Bulhalhohi
LD0584,Kaafu, 
LD0585,Raa,Huruvalhi
LD0586,Gaafu Dhaalu,Vatavarrehaa
LD0587,Meemu, 
LD0588,Raa,Alifushi
LD0589,Baa,Ufuligiri
LD0590,Gaafu Alifu,Baaberehutta
LD0591,MLE,Hulhumaale
LD0592,Laamu,Kanuhuraa
LD0593,Haa Alifu,Van'gaaru
LD0594,Baa,Gaagan'dufaruhuraa
LD0595,Gaafu Alifu,Kalhehuttaa
LD0596,Thaa,Bodufinolhu
LD0597,Kaafu,Bolifushi
LD0598,Gaafu Dhaalu,Kannigilla
LD0599,Laamu,Bodumahigulhi
LD0600,Raa,Hulhudhuffaaru
LD0601,Baa,Hanifaru
LD0603,Raa,Mullaafushi
LD0604,Vaavu,Kuda Anbaraa
LD0605,Raa,Meedhoo
LD0606,Faafu,Bileiydhoo
LD0607,Gaafu Dhaalu,Kaashidhoo
LD0608,Baa,Thiladhoo
LD0609,Raa,Vaadhoo
LD0610,Alifu Dhaalu,Vakarufalhi
LD0611,Haa Alifu,Maafahi
LD0612,Raa,Hulhudhoo
LD0613,Gaafu Alifu,Funadhoo
LD0614,Thaa,Gaathurehaa
LD0615,Gaafu Dhaalu,Maahutigalaa
LD0616,Noonu,Kalaidhoo
LD0617,Baa,Maamaduvvari
LD0618,Gaafu Alifu,Han'dahaa
LD0619,Noonu,Dhonaerikan'doodhoo
LD0620,Noonu,Huivani
LD0622,Thaa,Kudakaaddoo
LD0623,Dhaalu,Aluvifushi
LD0624,Kaafu,Erruhhuraa
LD0625,Meemu, 
LD0626,Lhaviyani,Sehlhifushi
LD0627,Thaa,Madifushi
LD0628,Laamu,Vadinolhu
LD0629,Shaviyani,Fushifaru
LD0630,Gaafu Dhaalu,Rathafandhoo
LD0631,Gaafu Alifu,Kudalafari
LD0632,Raa,Bodufenmaaen'boodhoo
LD0633,Kaafu,Mahaanaelhihuraa
LD0634,Laamu,Thathunrahaa
LD0635,Gaafu Dhaalu,Maguhdhuvaa
LD0636,Dhaalu,Lhohi
LD0637,Baa,Maalhos
LD0638,Gaafu Dhaalu,Mathihuttaa
LD0639,Noonu,Huvan'dhumaavattaru
LD0640,Seenu,Dhigiheraa
LD0641,Alifu Dhaalu,Kudadhoo
LD0642,Kaafu,Kalhuhuraa
LD0643,Raa,Ehthigili
LD0644,Thaa,Kakolhas
LD0645,Alifu Alifu,Madivarufinolhu
LD0646,Shaviyani,Foakaidhoo
LD0647,Shaviyani,Boduhuraa
LD0648,Kaafu,Eriadhoo
LD0649,Dhaalu,En'boodhoofushi
LD0650,Noonu,Minaavaru
LD0651,Gaafu Dhaalu,Ekelondaa
LD0652,Gaafu Dhaalu,Thinehuttaa
LD0654,Baa,Voavah
LD0655,Shaviyani,Medhurah
LD0656,Kaafu,Kan'duoiygiri
LD0657,Gaafu Alifu, 
LD0658,Haa Dhaalu,Nolhivaramu
LD0659,Meemu,Kekuraalhuveli
LD0660,Baa,Vakkaru
LD0661,Raa,Vilin'gili
LD0662,Dhaalu,Hulhudheli
LD0663,Haa Dhaalu,Dhipparufushi
LD0664,Gaafu Dhaalu,Golhaallaa
LD0665,Kaafu,Kaashidhoo
LD0666,Lhaviyani,Faadhoo
LD0667,Raa,Lhaan'bugali
LD0668,Baa,Kendhoo
LD0671,Laamu,Hulhiyandhoo
LD0672,Baa,Olhugiri
LD0673,Dhaalu,Than'balhaidhoo
LD0674,Shaviyani,Van'garu
LD0675,Raa,Maamunagau
LD0676,Raa,Fasgan'dufaru
LD0677,Baa,Thulhaadhoo
LD0678,Lhaviyani,Maidhoo
LD0679,Raa,Maashigiri
LD0681,Thaa,Hiriyanfushi
LD0682,Vaavu, 
LD0683,Kaafu,Huraa
LD0684,Meemu,Dhihthun'di
LD0685,Gaafu Dhaalu,Kalherehaa
LD0686,Haa Dhaalu,Neykurendhoo
LD0687,Baa,Dhakandhoo
LD0688,Dhaalu,Olhufushi
LD0689,Kaafu,Giraavaru
LD0690,Gaafu Dhaalu,Dhoonirehaa
LD0691,Kaafu, 
LD0692,Gaafu Dhaalu,Kodehutigalaa
LD0693,Gaafu Dhaalu,Olhimuntaa
LD0694,Thaa,Veymandoo
LD0695,Haa Alifu,Maarandhoo
LD0696,Noonu,Tholhendhoo
LD0697,Dhaalu,Thinhuraa
LD0698,Haa Dhaalu,Nellaidhoo
LD0699,Haa Dhaalu,Makunudhoo
LD0701,Haa Alifu,Muraidhoo
LD0702,Seenu,Maahera
LD0703,Laamu,Mahakanfushi
LD0704,Gaafu Dhaalu,Ekurukerataa
LD0705,Gaafu Dhaalu,Rodhavarrehaa
LD0707,Seenu,Hikahera
LD0708,Haa Dhaalu,Maavaidhoo
LD0709,Thaa,Ruhthibirah
LD0710,Haa Dhaalu,Naivaadhoo
LD0711,Meemu,Kudausfushi
LD0712,Kaafu,Bulhifushi
LD0713,Noonu,Bodufushi
LD0714,Lhaviyani,Dhehuraa Evvihuraa
LD0716,Dhaalu, 
LD0717,Gaafu Dhaalu,Thinadhoo
LD0720,Laamu,Fonagaadhoo
LD0721,Kaafu, 
LD0722,Seenu,Geskalhuheraa
LD0723,Dhaalu,Vallalhohi
LD0725,Alifu Dhaalu,Nalaguraidhoo
LD0726,Gnaviyani,Fuvahmulah
LD0727,Alifu Alifu,Velifinolhu
LD0728,Gaafu Dhaalu,Kodegalaa
LD0730,Lhaviyani,Varihuraa
LD0731,Gaafu Dhaalu,Hulhehdhoo
LD0732,Baa,Hirundhoo
LD0733,Laamu,Haiythoshi
LD0734,Noonu,Maakurehdhoo
LD0735,Laamu,Kandaru
LD0736,Raa,Vandhoo
LD0737,Lhaviyani,Madhiriguraidhoo
LD0738,Kaafu,Guraidhoo
LD0739,Raa,Bodufarufinolhu
LD0740,Gaafu Dhaalu,Dhatekarunahuttaa
LD0741,Dhaalu,Maadheli
LD0742,Baa,Vinaneiyfaruhuraa
LD0743,Gaafu Alifu,Kolamaafushi
LD0744,Shaviyani,Nalandhoo
LD0745,Kaafu,Thulusdhoo
LD0746,Raa,Maamin'gili
LD0747,Dhaalu,Faandhoo
LD0748,Gaafu Dhaalu,Kudhe-ehivakaa
LD0749,Gaafu Alifu,Matu
LD0750,Noonu,Thoshigan'dukolhu
LD0751,Gaafu Dhaalu,Lonudhoohuttaa
LD0752,Faafu,Makunueri
LD0753,Kaafu,Maifalhuhuraa
LD0754,Gaafu Dhaalu,Lifadhoo
LD0755,Dhaalu,Kanneiyfaru
LD0756,Kaafu,Olhuveli
LD0757,Laamu,Hikan'dhirahaa
LD0758,Dhaalu,Valla
LD0759,Thaa,Kani
LD0760,Alifu Alifu,Madoogali
LD0761,Gaafu Dhaalu,Kalhehuttaa
LD0762,Gaafu Dhaalu,Maagalaa
LD0763,Laamu,Bodumaabulhali
LD0764,Meemu,Madifushi
LD0765,Kaafu,Nakaiychaafushi
LD0766,Gaafu Alifu,Dhaandhoo
LD0767,Noonu,Loafaru
LD0768,Gaafu Dhaalu,Viligillaa
LD0769,Baa,Veyofushi
LD0770,Gaafu Dhaalu,Menthandhuvaa
LD0771,Alifu Dhaalu,Kun'burudhoo
LD0772,Dhaalu,Hiriyafushi
LD0773,Gaafu Dhaalu,Dhathaidhuaa
LD0774,Gaafu Dhaalu,Fereythavilin'gili
LD0775,Gaafu Dhaalu,Fonehigillaa
LD0776,Baa,Funadhoo
LD0777,Laamu,Kudamungnafushi
LD0778,Gaafu Dhaalu,Haadhoo
LD0779,Raa,Maamunagaufinolhu
LD0781,Baa, 
LD0782,Alifu Dhaalu,Kalhahan'dhihuraa
LD0783,Thaa,Omadhoo
LD0784,Alifu Dhaalu,En'boodhoo
LD0785,Kaafu,Rasfari
LD0786,Meemu,Raiymandhoo
LD0787,Gaafu Alifu,Bodehuttaa
LD0788,Gaafu Dhaalu,Kudherataa
LD0790,Raa,Dhuvaafaru
LD0791,Gaafu Dhaalu,Kodedhoo
LD0792,Gaafu Alifu,Hurendhoo
LD0793,Meemu,Naalaafushi
LD0795,Noonu,Kaalhugemendhoo
LD0796,Thaa,Hulhiyanfushi
LD0797,Lhaviyani,Innahuraa
LD0798,Laamu,Rahaa
LD0799,Gaafu Alifu,Fenfuttaa
LD0800,Raa,Kan'dholhudhoo
LD0801,Haa Alifu,Govvaafushi
LD0802,Gaafu Alifu,Falhumaafushi
LD0803,Kaafu,Gasfinolhu
LD0805,Gaafu Alifu,Kodagehuttaa
LD0806,Gaafu Alifu,Lhossaa
LD0807,Alifu Alifu,Veligan'du
LD0808,Noonu,Bomasdhoo
LD0809,Lhaviyani,Bodufaahuraa
LD0810,Gaafu Dhaalu,Bodehuttaa
LD0811,Gaafu Alifu,Dhigurah
LD0812,Lhaviyani,Medha Adihuraa
LD0813,Vaavu,Bodumohoraa
LD0814,Gaafu Dhaalu,Dhoonirehaa
LD0815,Gaafu Dhaalu,Kadhefala
LD0816,Kaafu,En'boodhoo
LD0817,Seenu,Gomahera
LD0818,Shaviyani,Kudadhoo
LD0819,Faafu,Filitheyo
LD0820,Gaafu Alifu,Dhevvaamaagalaa
LD0821,Raa,Dhuvaafaruhuraa
LD0822,Raa,Kothaifaru
LD0823,Noonu,Bodulhaimendhoo
LD0824,Haa Alifu,Maarandhoofarufinolhu
LD0825,Laamu,Enberahaa
LD0826,Faafu,En'bulufushi
LD0827,Meemu,Maausfushi
LD0828,Gaafu Alifu,Hithaadhoo
LD0829,Thaa,Dhiffushi
LD0830,Meemu,Etherefasgan'du
LD0831,Dhaalu,Dhebaidhoo
LD0832,Laamu,Maandhoo
LD0833,Baa,Mendhoo
LD0835,Gaafu Dhaalu,Ulegalaa
LD0836,Shaviyani,Goidhoo
LD0837,Lhaviyani,Kudadhoo
LD0839,Gaafu Dhaalu,Kelaihuttaa
LD0840,Raa,Neyo
LD0841,Baa,Madhirivaadhoo
LD0842,Kaafu,Lhosfushi
LD0843,Kaafu,Kagi
LD0844,Baa,Dharavandhoo
LD0845,Faafu,Jinnathugau
LD0846,Gaafu Dhaalu,Kautihulhadhoo
LD0847,Gaafu Dhaalu,Kanandhoo
LD0848,Thaa,Kudadhoo
LD0849,Thaa,Mathidhoo
LD0850,Thaa,Medhafushi
LD0851,Gaafu Dhaalu,Hoadehdhoo
LD0852,Haa Dhaalu,Kurin'bee
LD0853,Kaafu, 
LD0854,Shaviyani,Gallaidhoo
LD0855,Seenu,Kaohera
LD0856,Gaafu Alifu,Kan'duhulhudhoo
LD0858,Haa Dhaalu,Kanamana
LD0859,Thaa,Vandhoo
LD0860,Lhaviyani,Masleggihuraa
LD0861,Baa,Ahivaffushi
LD0862,Haa Alifu,Velifinolhu
LD0863,Shaviyani,Funadhoo
LD0864,Dhaalu,Bulhalafushi
LD0865,Alifu Alifu,Mushimasmigili
LD0866,Noonu,Ken'dhikulhudhoo
LD0867,Gaafu Dhaalu,Hadahahuttaa
LD0868,Alifu Alifu,Fushi
LD0869,Gaafu Alifu,Boadduvaa
LD0870,Gaafu Dhaalu,Kudhehaadhuaa
LD0871,Noonu,Than'burudhoo
LD0872,Raa,Lhohi
LD0873,Kaafu,Gaafaru
LD0874,Alifu Alifu,Himendhoo
LD0876,Meemu,Hurasveli
LD0877,Noonu,Kan'dinmaahuraa
LD0878,Gaafu Alifu,Melaimaa
LD0879,Lhaviyani,Thilamaafushi
LD0880,Haa Alifu,Medhafushi
LD0881,Gaafu Alifu,Faruhulhedhoo
LD0882,Haa Dhaalu,Fenboahuraa
LD0883,Gaafu Dhaalu,Thelehuttaa
LD0884,Gaafu Alifu, 
LD0885,Gaafu Dhaalu,Kudhemathaidhoo
LD0886,Kaafu,Lankanfushi
LD0887,Gaafu Dhaalu,Gahdhoo
LD0888,Seenu,Gan
LD0889,Baa,Maaddoohulhudhoo
LD0890,Kaafu,Hulhule
LD0892,Meemu, 
LD0893,Alifu Alifu,Kudafolhudhoo
LD0894,Kaafu,Dhiffushi
LD0895,Seenu, 
LD0896,Gaafu Dhaalu,Aakirahuttaa
LD0897,Dhaalu, 
LD0898,Thaa,Usfushi
LD0899,Seenu,Savaaheli
LD0900,Alifu Dhaalu,Moofushi
LD0901,Haa Alifu,Mulhadhoo
LD0902,Laamu,Kudamahigulhi
LD0903,Kaafu,Vaadhoo
LD0904,Gaafu Dhaalu,Rahadhuvaa
LD0905,Thaa,Kolhufushi
LD0906,Noonu,Hulhuhdhoo
LD0907,Noonu,Magoodhoo
LD0908,Haa Alifu,Ihavandhoo
LD0909,Haa Alifu,Madulu
LD0910,Baa,Dhandhoo
LD0911,Gaafu Alifu,Maarehaa
LD0912,Thaa,Fonidhaani
LD0914,Raa,Kan'doogan'du
LD0915,Haa Alifu,Thuraakunu
LD0916,Alifu Alifu,Ukulhas
LD0917,Raa,Arilundhoo
LD0918,Raa,Dhigali
LD0919,Gaafu Dhaalu,Maarehaa
LD0920,Meemu, 
LD0921,Shaviyani,Hurasfaru
LD0923,Shaviyani,Dholhiyadhookudarah
LD0924,Raa,Fainu
LD0925,Faafu,Maafushi
LD0926,Gaafu Alifu,Funamauddaa
LD0927,Shaviyani,Gaakoshibi
LD0928,Gaafu Dhaalu,Goshi
LD0929,Kaafu,Thulhaagiri
LD0930,Gaafu Dhaalu,Oinigillaa
LD0931,Baa,Goidhoo
LD0932,Dhaalu,Olhuveli
LD0934,Meemu, 
LD0935,Vaavu,Fohtheyobodufushi
LD0936,Gaafu Dhaalu,Ehivakaa
LD0937,Baa,Boifushi
LD0938,Laamu,Maavah
LD0939,Thaa,Olhufushi
LD0940,Gaafu Dhaalu,Konottaa
LD0941,Gaafu Dhaalu,Fatefandhoo
LD0942,Gaafu Dhaalu,Uhurehaa
LD0943,Dhaalu, 
LD0944,Noonu,Felivaru
LD0945,Gaafu Alifu,Baavanadhoo
LD0946,Gaafu Alifu,Munandhuvaa
LD0947,Seenu,Feydhoo
LD0950,Kaafu, 
LD0951,Laamu,Maafushi
LD0952,Laamu,Maakalhuveli
LD0953,Laamu,Guraidhoo
LD0954,Kaafu,Velassaru
LD0955,Laamu,Medhuvinagan'du
LD0956,Thaa,Rihaamaafushi
LD0957,Dhaalu,Maalefaru
LD0958,Baa,Nibiligaa
LD0959,Haa Dhaalu,Hon'daidhoo
LD0960,Kaafu,Kanifinolhu
LD0961,Raa,Maanenfushi
LD0962,Noonu,Hen'badhoo
LD0963,Lhaviyani,Boamandhipparu Huraagan'du
LD0964,Alifu Alifu,Gaagan'du
LD0965,Raa,Angaagiri
LD0966,Alifu Dhaalu,Lonuboi
LD0967,Meemu, 
LD0968,Baa,Mathifaru
LD0969,Haa Dhaalu,Keylakunu
LD0970,Faafu,Dharan'boodhoo
LD0971,Laamu,Kuredhirehaa
LD0972,Kaafu,Lankanfinolhu
LD0974,Dhaalu,Hudhufusheefinolhu
LD0975,Faafu,Vilin'gilivarufinolhu
LD0978,Shaviyani,Lhaimagu
LD0979,Noonu,Orimasvaru
LD0980,Lhaviyani,Huravalhi
LD0981,Kaafu,Akirifushi
LD0982,Noonu,Kudafunafaru
LD0983,Haa Alifu,Maafinolhu
LD0984,Haa Alifu,Thakandhoo
LD0985,Shaviyani,Noomaraa
LD0986,Meemu,Uthuruboduveli
LD0987,Haa Alifu,Baarah
LD0988,Laamu,Fares
LD0989,Gaafu Alifu,Bihurehaa
LD0990,Seenu,Herethere
LD0991,Baa, 
LD0992,Seenu,Kedevaahera
LD0993,Haa Alifu,Filladhoo
LD0994,Laamu,Baresdhoo
LD0995,Gaafu Dhaalu,Hunigoderehaa
LD0996,Noonu,Raafushi
LD0997,Alifu Alifu,Gaathafushi
LD0998,Thaa,Gaalee
LD0999,Baa,Innafushi
LD1000,Baa,Hithaadhoo
LD1001,Thaa,Ekuruffushi
LD1002,Alifu Alifu,Fesdhoo
LD1004,Seenu,Hithadhoo
LD1006,Gaafu Alifu,Faruhulhudhoo
LD1007,Alifu Dhaalu,Dhihdhoofinolhu
LD1008,Gaafu Dhaalu,Meragihuttaa
LD1009,Meemu,Hudhuveli
LD1010,Alifu Dhaalu,Vilin'gilivaru
LD1011,Thaa,Kolafushi
LD1012,Gaafu Dhaalu,Mathaidhoo
LD1013,Lhaviyani,Gaaerifaru
LD1014,Laamu,Boduhuraa
LD1015,Baa,Mudhdhoo
LD1016,Raa,Kudafushi
LD1017,Gaafu Alifu,Idhimaa
LD1018,Haa Dhaalu,Faridhoo
LD1019,Gaafu Dhaalu,Odagallaa
LD1020,Lhaviyani,Fushifaru
LD1021,Alifu Alifu,Fusfinolhu
LD1022,Raa,Goiymaru
LD1023,Alifu Dhaalu,Hangnaameedhoo
LD1024,Laamu,Kudafenrehaa
LD1025,Laamu,Kudafushi
LD1026,Vaavu,Vashugiri
LD1027,Gaafu Dhaalu,Rodaadhoo
LD1028,Lhaviyani,Dhashugirifinolhu
LD1029,Gaafu Dhaalu,Keredhirehaa
LD1030,Gaafu Dhaalu,Fenevenehuttaa
LD1031,Gaafu Dhaalu,Anhenerehaa
LD1032,Gaafu Alifu,Hulhimendhoo
LD1033,Haa Alifu,Alidhoo
LD1034,Laamu,Kudaveshi
LD1035,Thaa,Olhudhiyafushi
LD1036,Noonu,Medhafushi
LD1037,Haa Alifu,Dhapparuhuraa
LD1038,Laamu,Fonadhoo
LD1039,Kaafu,Vihamanaafushi
LD1040,Haa Dhaalu,Kun'burudhoo
LD1041,Baa,Finolhas
LD1042,Noonu,Randheli
LD1043,Vaavu,Anbaraa
LD1045,Gaafu Alifu,Kendheraa
LD1046,Gaafu Dhaalu, 
LD1047,Alifu Dhaalu,Dhigurah
LD1048,Laamu,Maaveshi
LD1049,Laamu,Dhan'bidhoo
LD1050,Dhaalu,Meedhoo
LD1052,Noonu,Dhigurah
LD1053,Laamu,Maabaidhoo
LD1054,Baa,Dhashufaruhuraa
LD1055,Raa,Dhinnaafushi
LD1056,Laamu, 
LD1057,Gaafu Alifu,Maadhigavara
LD1058,Shaviyani,Komandoo
LD1059,Meemu, 
LD1060,Gaafu Dhaalu,Hevaahulhudhoo
LD1061,Baa,Kihavahhuravalhi
LD1062,Alifu Dhaalu,Mahchafushi
LD1063,Raa,Veyvah
LD1064,Shaviyani,Bileiyfahi
LD1066,Baa,Muthaafushi
LD1067,Meemu, 
LD1068,Noonu,Miladhoo
LD1069,Gaafu Dhaalu,Maavehdhoo
LD1070,Laamu,Isdhoo
LD1071,Kaafu,Meerufenfushi
LD1072,Meemu,Thuvaru
LD1073,Thaa, 
LD1074,Gaafu Dhaalu,Dhiyanegili
LD1075,Baa,Milaidhoo
LD1077,Dhaalu,Minimasgali
LD1078,Thaa,Elaa
LD1079,Vaavu,Thinadhoo
LD1080,Alifu Alifu,Bathalaa
LD1082,Laamu,Fushi
LD1083,Noonu,Dhelibeyruhelhihuraa
LD1085,Gaafu Alifu,Maamendhoo
LD1086,Noonu,Kuredhivaru
LD1087,Laamu,Kokurahaa
LD1088,Gaafu Alifu,Fenrehaa
LD1089,Kaafu,Aarah
LD1090,Gaafu Dhaalu,Aakirahuttaa
LD1091,Gaafu Alifu,Nilandhoo
LD1092,Shaviyani,Kan'ditheemu
LD1093,Alifu Dhaalu,Hukurudhoo
LD1094,Gaafu Dhaalu,Olhurataa
LD1096,Laamu,Mendhoo
LD1097,Haa Alifu,Huvahandhoo
LD1099,Vaavu,Vattaru
LD1100,Shaviyani,Feydhoo
LD1101,Lhaviyani,Dhirun'baahuraa
LD1102,Alifu Dhaalu,Hiyafushi
LD1103,Thaa,Olhufushifinolhu
LD1104,Faafu,Kan'dumoonufushi
LD1105,Noonu,Dhekenanfaru
LD1106,Dhaalu,Bodufushi
LD1107,Lhaviyani,Komandoo
LD1108,Meemu,Bodukan'duhuraa
LD1109,Lhaviyani, 
LD1110,Meemu,Vannanerufasgan'du
LD1111,Lhaviyani,Hiriyadhoo
LD1112,Meemu,Dhekunuboduveli
LD1114,Kaafu,Kudahuraa
LD1115,Baa,Keyodhoo
LD1116,Meemu, 
LD1117,Raa,Ethigan'dujehihuraa
LD1118,Laamu,Olhuveli
LD1120,Raa,Fenfushi
LD1121,Raa,In'guraidhoo
LD1122,Raa,Kukulhudhoo
LD1123,Thaa,Kanimeedhoo
LD1124,Gaafu Dhaalu,Kaadehdhoo
LD1125,Noonu,Than'burudhuffushi
LD1126,Haa Dhaalu,Hirinaidhoo
LD1127,Raa,Kottefaru
LD1128,Noonu, 
LD1129,Kaafu,Hinmafushi
LD1130,Thaa,Ufuriyaa
LD1131,Alifu Dhaalu,Fushidhigga
LD1132,Haa Alifu,Umuraifinolhu
LD1133,Dhaalu,Kudathilabolhufushi
LD1134,Kaafu,Veligan'duhuraa
LD1135,Faafu,Madivaruhuraa
LD1136,Lhaviyani,Dhihdhoo
LD1137,Baa,Kashidhoo
LD1138,Haa Dhaalu,Vaikaramuraidhoo
LD1139,Alifu Alifu,Kuramathi
LD1140,Seenu,Fathikedeheragan'du
LD1141,Faafu,Himithi
LD1142,Kaafu,Makunudhoo
LD1143,Faafu,Faanumaahuraa
LD1144,Shaviyani,Maroshi
LD1145,Noonu,Ban'daidhihdhoo
LD1146,Baa,Dhunikolhu
LD1147,Alifu Dhaalu,Athurugau
LD1148,Vaavu,Kunaaveshi
LD1149,Shaviyani,Feevah
LD1150,Meemu,Raaban'dhihuraa
LD1151,Raa,Gemana
LD1152,Gaafu Dhaalu,Han'daidhoo
LD1153,Baa,Maarikilu
LD1154,Alifu Alifu,Dhinnolhufinolhu
LD1155,Haa Alifu,Naridhoo
LD1156,Gaafu Alifu,Bodubon'deyyaa
LD1157,Vaavu, 
LD1158,Faafu,Nilandhoo
LD1159,Shaviyani,Kudafarufinolhu
LD1160,Laamu,Bodufinolhu
LD1161,Gaafu Dhaalu,Haadhuaa
LD1162,Thaa,Kuran'dhuvaru
LD1163,Thaa,Guraidhoo
LD1164,Gaafu Dhaalu,Kodaanahuttaa
LD1165,Kaafu,Villivaru
LD1166,Meemu,Maduvvari
LD1167,Meemu,Veyvah
LD1168,Gaafu Dhaalu,Bolimathaidhoo
LD1169,Shaviyani,Neyo
LD1170,Shaviyani,Naainfarufinolhu
LD1171,Gaafu Alifu,Kon'deymatheelaabadhoo
LD1172,Laamu,Hanhushi
LD1173,Thaa,Kalhudheyfushi
LD1174,Gaafu Dhaalu,Kudhebeeraahuttaa
LD1175,Raa,Un'goofaaru
LD1176,Alifu Dhaalu,Maafushivaru
LD1177,Kaafu,Furanafushi
LD1178,Lhaviyani,Kanifushi
LD1179,Lhaviyani,Lhossalafushi
LD1182,Gaafu Alifu,Gemanafushi
LD1185,Dhaalu,Velavaru
LD1186,Laamu,Bodufinolhu
LD1187,Noonu, 
LD1188,Dhaalu,Maagau
LD1189,Haa Alifu,Hathifushi
LD1190,Lhaviyani,Ookolhufinolhu
LD1191,Laamu,Hulhisdhoo
LD1192,Haa Dhaalu,Hon'daafushi
LD1194,Kaafu,Bodufinolhu
LD1195,Gaafu Dhaalu,Bodehuttaa
LD1196,Haa Dhaalu,Muiri
LD1197,Baa,Kihaadhuffaru
LD1198,Alifu Dhaalu,Thun'dufushi
LD1199,Meemu,Kuradhigan'du
LD1200,Baa,En'boodhoo
LD1202,Thaa,Bodurehaa
LD1203,Kaafu, 
LD1206,Shaviyani, 
LD1207,Haa Dhaalu, 
LD1208,Baa, 
LD1209,Baa, 
LD1210,Baa, 
LD1211,Baa,Bathalaahuraa
LD1212,Raa,Minaadhoo
LD1214,Baa,Hanifaruhuraa
LD1215,Baa,Huraafaru
LD1216,Baa,Dhoogan'dufinolhu
LD1217,Baa, 
LD1218,Baa, 
LD1219,Baa,Vandhuhmaafarufinolhu
LD1220,Baa,Maafusheefinolhu
LD1221,Baa, 
LD1222,Baa, 
LD1223,Baa, 
LD1224,Baa,An'gaafaru
LD1225,Baa, 
LD1229,Baa, 
LD1230,Baa, 
LD1231,Raa, 
LD1232,Raa, 
LD1233,Raa, 
LD1236,Raa, 
LD1237,Raa, 
LD1238,Raa,Kukulhudhuffaru
LD1241,Lhaviyani, 
LD1242,Lhaviyani, 
LD1244,Lhaviyani, 
LD1249,Lhaviyani,Veligan'du
LD1252,Lhaviyani, 
LD1253,Lhaviyani, 
LD1255,Lhaviyani, 
LD1256,Lhaviyani, 
LD1261,Lhaviyani, 
LD1262,Lhaviyani, 
LD1266,Lhaviyani, 
LD1267,Lhaviyani,Faadhoohuraagan'du
LD1268,Lhaviyani, 
LD1271,Baa, 
LD1272,Baa, 
LD1273,Baa, 
LD1274,Baa, 
LD1275,Baa, 
LD1276,Baa, 
LD1277,Baa, 
LD1279,Baa, 
LD1280,Baa,Boadhaafushifinolhu
LD1283,Baa, 
LD1284,Baa, 
LD1287,Baa, 
LD1288,Baa, 
LD1293,Kaafu,Aanugan'dufinolhu
LD1295,Kaafu, 
LD1296,Kaafu, 
LD1297,Kaafu, 
LD1298,Kaafu, 
LD1299,Kaafu, 
LD1300,Kaafu,Dhonfushi
LD1301,Kaafu, 
LD1303,Kaafu, 
LD1304,Kaafu, 
LD1305,Kaafu, 
LD1306,Kaafu, 
LD1308,Kaafu, 
LD1310,Kaafu, 
LD1312,Kaafu, 
LD1313,Kaafu,Nakahchaahuraa
LD1315,Kaafu, 
LD1316,Kaafu, 
LD1317,Kaafu, 
LD1318,Kaafu, 
LD1320,Kaafu,Bodubis
LD1321,Kaafu, 
LD1323,Kaafu,Ithaafinolhu
LD1325,Kaafu, 
LD1326,Kaafu, 
LD1327,Kaafu, 
LD1328,Kaafu, 
LD1329,Kaafu,Tholhimaraahuraa
LD1334,Kaafu,Funfinolhu
LD1335,Kaafu,Noofinolhu
LD1336,Alifu Dhaalu, 
LD1337,Alifu Dhaalu,Ranfinolhu
LD1338,Alifu Dhaalu, 
LD1339,Alifu Dhaalu, 
LD1340,Alifu Dhaalu, 
LD1341,Alifu Dhaalu, 
LD1342,Alifu Alifu, 
LD1343,Alifu Alifu, 
LD1346,Alifu Alifu, 
LD1348,Alifu Dhaalu, 
LD1350,Alifu Dhaalu, 
LD1351,Alifu Dhaalu, 
LD1360,Vaavu,Kudamohoraa
LD1362,Vaavu, 
LD1363,Vaavu, 
LD1364,Vaavu, 
LD1365,Vaavu, 
LD1366,Vaavu, 
LD1367,Vaavu, 
LD1368,Vaavu, 
LD1369,Vaavu, 
LD1370,Vaavu, 
LD1371,Vaavu, 
LD1372,Meemu, 
LD1379,Meemu, 
LD1380,Faafu, 
LD1381,Faafu, 
LD1382,Faafu, 
LD1383,Dhaalu, 
LD1386,Dhaalu, 
LD1387,Dhaalu, 
LD1388,Dhaalu, 
LD1389,Dhaalu, 
LD1391,Dhaalu, 
LD1392,Dhaalu, 
LD1394,Dhaalu, 
LD1395,Dhaalu,Sarakafushi
LD1396,Dhaalu,Boarikifinolhu
LD1397,Dhaalu, 
LD1419,Thaa, 
LD1425,Laamu, 
LD1428,Laamu, 
LD1429,Laamu, 
LD1430,Laamu, 
LD1431,Laamu, 
LD1432,Gaafu Dhaalu,Raaverinkolhihuttaa
LD1434,Gaafu Dhaalu,Faanehuttaa
LD1435,Gaafu Dhaalu, 
LD1436,Gaafu Dhaalu, 
LD1437,Gaafu Dhaalu, 
LD1439,Gaafu Dhaalu, 
LD1440,Gaafu Alifu, 
LD1443,Gaafu Alifu, 
LD1444,Gaafu Alifu, 
LD1445,Gaafu Alifu, 
LD1447,Gaafu Alifu, 
LD1448,Gaafu Alifu, 
LD1449,Gaafu Alifu, 
LD1450,Gaafu Alifu, 
LD1451,Gaafu Alifu, 
LD1452,Seenu, 
LD1453,Seenu, 
LD1455,Alifu Alifu, 
LD1456,Alifu Alifu, 
LD1459,Haa Alifu,Dhigufaruhuraa
LD1460,Meemu, 
LD1465,Gaafu Alifu, 
LD1466,Meemu,Thuvaru Uthuruhuraa
LD1468,Seenu,Hasanbeaarah
LD1469,Seenu,Kudhehera
LD1470,Laamu,Fenboahuraa
LD1471,Meemu,Fenfuraaveli
LD1472,Seenu,Ismehelaahera
LD1473,Laamu,Kalaidhoo
LD1496,Gaafu Dhaalu,Kaafarataa
LD1497,Gaafu Dhaalu,Dhatemulaidhua
LD1498,Gaafu Dhaalu,Keyhuvadhoo
LD1499,Noonu,Maakanaafushi
LD1500,Kaafu,Maaranfushi
LD1501,Kaafu,Ehmafushi
LD1502,Kaafu,Akasdhoo
LD1503,Raa,Vakkarufaru
LD1504,Baa,Finolhufaru
LD1505,Alifu Dhaalu,Athulivarufinolhu
LD1506,Vaavu, 
LD1507,Kaafu,Ithaafushi
LD1508,Kaafu,Kan'baashaa
LD1509,Haa Alifu, 
LD1510,Haa Dhaalu, 
LD1511,Shaviyani, 
LD1512,Shaviyani, 
LD1513,Shaviyani, 
LD1514,Shaviyani, 
LD1515,Shaviyani, 
LD1516,Shaviyani, 
LD1517,Shaviyani, 
LD1518,Noonu, 
LD1519,Noonu, 
LD1520,Noonu, 
LD1521,Noonu, 
LD1522,Noonu, 
LD1523,Noonu, 
LD1524,Noonu, 
LD1525,Noonu, 
LD1526,Noonu, 
LD1527,Noonu, 
LD1528,Noonu, 
LD1529,Raa, 
LD1530,Raa, 
LD1531,Raa, 
LD1532,Raa, 
LD1533,Raa, 
LD1534,Raa, 
LD1535,Raa, 
LD1536,Raa, 
LD1537,Raa, 
LD1538,Raa, 
LD1539,Raa, 
LD1540,Raa, 
LD1541,Raa, 
LD1542,Raa, 
LD1543,Raa, 
LD1544,Raa, 
LD1545,Raa, 
LD1546,Raa, 
LD1547,Raa, 
LD1548,Raa, 
LD1549,Baa, 
LD1550,Baa, 
LD1551,Baa, 
LD1552,Baa, 
LD1553,Baa, 
LD1554,Baa, 
LD1555,Baa, 
LD1556,Baa, 
LD1557,Baa, 
LD1558,Baa, 
LD1559,Baa, 
LD1560,Baa, 
LD1561,Baa, 
LD1562,Lhaviyani, 
LD1563,Lhaviyani, 
LD1564,Lhaviyani, 
LD1565,Lhaviyani, 
LD1566,Lhaviyani, 
LD1567,Lhaviyani, 
LD1568,Lhaviyani, 
LD1569,Lhaviyani, 
LD1570,Lhaviyani, 
LD1571,Lhaviyani, 
LD1572,Lhaviyani, 
LD1573,Lhaviyani, 
LD1574,Lhaviyani, 
LD1575,Lhaviyani, 
LD1576,Lhaviyani, 
LD1577,Alifu Alifu, 
LD1578,Alifu Alifu, 
LD1579,Alifu Alifu, 
LD1580,Alifu Alifu, 
LD1581,Alifu Alifu, 
LD1582,Alifu Alifu, 
LD1583,Alifu Alifu, 
LD1584,Alifu Dhaalu, 
LD1585,Alifu Dhaalu, 
LD1586,Alifu Dhaalu, 
LD1587,Alifu Dhaalu, 
LD1588,Alifu Dhaalu, 
LD1589,Alifu Dhaalu, 
LD1590,Alifu Dhaalu, 
LD1591,Alifu Dhaalu, 
LD1592,Alifu Dhaalu, 
LD1593,Alifu Dhaalu, 
LD1594,Alifu Dhaalu, 
LD1595,Alifu Dhaalu, 
LD1596,Alifu Dhaalu, 
LD1597,Alifu Dhaalu, 
LD1598,Alifu Dhaalu, 
LD1599,Alifu Dhaalu, 
LD1600,Alifu Dhaalu, 
LD1601,Alifu Dhaalu, 
LD1602,Alifu Dhaalu, 
LD1603,Alifu Dhaalu, 
LD1604,Alifu Dhaalu, 
LD1605,Alifu Dhaalu, 
LD1606,Alifu Dhaalu, 
LD1607,Alifu Dhaalu, 
LD1608,Vaavu, 
LD1609,Vaavu, 
LD1610,Vaavu, 
LD1611,Vaavu, 
LD1612,Vaavu, 
LD1613,Vaavu, 
LD1614,Vaavu, 
LD1615,Vaavu, 
LD1616,Vaavu, 
LD1617,Vaavu, 
LD1618,Vaavu, 
LD1619,Vaavu, 
LD1620,Vaavu, 
LD1621,Vaavu, 
LD1622,Vaavu, 
LD1623,Vaavu, 
LD1624,Vaavu, 
LD1625,Meemu, 
LD1626,Meemu, 
LD1627,Meemu, 
LD1628,Meemu, 
LD1629,Meemu, 
LD1630,Meemu, 
LD1631,Meemu, 
LD1632,Meemu, 
LD1633,Meemu, 
LD1634,Meemu, 
LD1635,Meemu, 
LD1636,Meemu, 
LD1637,Meemu, 
LD1638,Meemu, 
LD1639,Faafu, 
LD1640,Faafu, 
LD1641,Faafu, 
LD1642,Faafu, 
LD1643,Faafu, 
LD1644,Faafu, 
LD1645,Faafu, 
LD1646,Faafu, 
LD1647,Faafu, 
LD1648,Faafu, 
LD1649,Dhaalu, 
LD1650,Dhaalu, 
LD1651,Dhaalu, 
LD1652,Dhaalu, 
LD1653,Dhaalu, 
LD1654,Dhaalu, 
LD1655,Dhaalu, 
LD1656,Thaa, 
LD1657,Thaa, 
LD1658,Thaa, 
LD1659,Thaa, 
LD1660,Thaa, 
LD1661,Thaa, 
LD1662,Thaa, 
LD1663,Thaa, 
LD1664,Thaa, 
LD1665,Thaa, 
LD1666,Laamu, 
LD1667,Laamu, 
LD1668,Laamu, 
LD1669,Laamu, 
LD1670,Laamu, 
LD1671,Laamu, 
LD1672,Laamu, 
LD1673,Laamu, 
LD1674,Laamu, 
LD1675,Gaafu Alifu, 
LD1676,Gaafu Alifu, 
LD1677,Gaafu Alifu, 
LD1678,Gaafu Alifu, 
LD1679,Gaafu Alifu, 
LD1680,Gaafu Alifu,Maadhigavara
LD1681,Gaafu Alifu, 
LD1682,Gaafu Alifu, 
LD1683,Gaafu Alifu, 
LD1684,Gaafu Alifu, 
LD1685,Gaafu Alifu, 
LD1686,Gaafu Alifu, 
LD1687,Gaafu Alifu, 
LD1688,Gaafu Dhaalu, 
LD1689,Gaafu Dhaalu, 
LD1690,Gaafu Dhaalu, 
LD1691,Gaafu Dhaalu,Maakirigalla
LD1692,Gaafu Dhaalu, 
LD1693,Gaafu Dhaalu, 
LD1694,Gaafu Dhaalu, 
LD1695,Gaafu Dhaalu, 
LD1696,Gaafu Dhaalu,Huttaa
LD1697,Seenu, 
LD1698,Seenu, 
LD1699,Seenu, 
LD1700,Seenu, 
LD1701,Seenu, 
LD1702,Kaafu, 
LD1703,Kaafu, 
LD1704,Kaafu, 
LD1705,Kaafu, 
LD1706,Kaafu,Nashvilu
LD1707,Kaafu,Hastheem
LD1708,Kaafu, 
LD1709,Kaafu, 
LD1710,Kaafu, 
LD1711,Kaafu, 
LD1712,Kaafu, 
LD1713,Kaafu, 
LD1714,Kaafu,Aanugan'duhuraa
LD1715,Kaafu, 
LD1716,Kaafu, 
LD1717,Kaafu, 
LD1718,Kaafu, 
LD1719,Kaafu, 
LD1720,Kaafu, 
LD1721,Kaafu, 
LD1722,Kaafu, 
LD1723,Kaafu, 
LD1724,Kaafu, 
LD1725,Kaafu, 
LD1726,Kaafu, 
LD1727,Kaafu, 
LD1728,Kaafu, 
LD1729,Kaafu, 
LD1730,Kaafu, 
LD1731,Kaafu, 
LD1732,Kaafu, 
LD1733,Kaafu, 
LD1734,Kaafu, 
LD1735,Kaafu, 
LD1736,Kaafu, 
LD1737,Kaafu, 
LD1738,Kaafu, 
LD1739,Kaafu, 
LD1740,Kaafu, 
LD1741,Kaafu, 
LD1742,Kaafu, 
LD1743,Kaafu, 
LD1744,Kaafu, 
LD1745,Kaafu, 
LD1746,Kaafu, 
LD1747,Kaafu, 
LD1748,Kaafu, 
LD1749,Kaafu, 
LD1750,Kaafu, 
LD1751,Kaafu, 
LD1752,Kaafu, 
LD1753,Kaafu, 
LD1754,Kaafu, 
LD1755,Kaafu, 
LD1756,Kaafu, 
LD1757,Kaafu, 
LD1758,Kaafu, 
LD1759,Kaafu, 
LD1760,Kaafu, 
LD1761,Kaafu, 
LD1762,Kaafu, 
LD1763,Kaafu, 
LD1764,Kaafu, 
LD1765,Kaafu, 
LD1767,Kaafu, 
LD1768,Gaafu Dhaalu,Kudhemaadhoo
LD1769,Gaafu Dhaalu,Kavvahuttaa
LD1770,Gaafu Dhaalu, 
LD1777,Kaafu,Kudagiri
